{
	"info": {
		"_postman_id": "a8b7c0a5-be90-42dc-b0b3-d64666563621",
		"name": "Binance perpetual future API",
		"description": "Binance official supported Postman collections.<br/>\n- API documents: https://binance-docs.github.io/apidocs/futures/en/\n- Telegram: https://t.me/binance_api_english\n- Open Issue at: https://github.com/binance-exchange/binance-api-postman",
		"schema": "https://schema.getpostman.com/json/collection/v2.1.0/collection.json"
	},
	"item": [
		{
			"name": "Market",
			"item": [
				{
					"name": "Test Connectivity",
					"request": {
						"method": "GET",
						"header": [
							{
								"key": "Content-Type",
								"value": "application/json",
								"type": "text"
							}
						],
						"url": {
							"raw": "{{url}}/fapi/v1/ping",
							"host": [
								"{{url}}"
							],
							"path": [
								"fapi",
								"v1",
								"ping"
							]
						},
						"description": "Test connectivity to the Rest API."
					},
					"response": []
				},
				{
					"name": "Check Server Time",
					"request": {
						"method": "GET",
						"header": [
							{
								"key": "Content-Type",
								"type": "text",
								"value": "application/json"
							}
						],
						"url": {
							"raw": "{{url}}/fapi/v1/time",
							"host": [
								"{{url}}"
							],
							"path": [
								"fapi",
								"v1",
								"time"
							]
						}
					},
					"response": []
				},
				{
					"name": "Exchange Information",
					"request": {
						"method": "GET",
						"header": [
							{
								"key": "Content-Type",
								"type": "text",
								"value": "application/json"
							}
						],
						"url": {
							"raw": "{{url}}/fapi/v1/exchangeInfo",
							"host": [
								"{{url}}"
							],
							"path": [
								"fapi",
								"v1",
								"exchangeInfo"
							]
						}
					},
					"response": []
				},
				{
					"name": "Order Book",
					"request": {
						"method": "GET",
						"header": [
							{
								"key": "Content-Type",
								"type": "text",
								"value": "application/json"
							}
						],
						"url": {
							"raw": "{{url}}/fapi/v1/depth?symbol=BTCUSDT",
							"host": [
								"{{url}}"
							],
							"path": [
								"fapi",
								"v1",
								"depth"
							],
							"query": [
								{
									"key": "symbol",
									"value": "BTCUSDT"
								},
								{
									"key": "limit",
									"value": "100",
									"description": "Default 100; max 1000. Valid limits:[5, 10, 20, 50, 100, 500, 1000]",
									"disabled": true
								}
							]
						}
					},
					"response": []
				},
				{
					"name": "Recent Trades List",
					"request": {
						"method": "GET",
						"header": [
							{
								"key": "Content-Type",
								"value": "application/json",
								"type": "text"
							}
						],
						"url": {
							"raw": "{{url}}/fapi/v1/trades?symbol=BTCUSDT",
							"host": [
								"{{url}}"
							],
							"path": [
								"fapi",
								"v1",
								"trades"
							],
							"query": [
								{
									"key": "symbol",
									"value": "BTCUSDT"
								},
								{
									"key": "limit",
									"value": "500",
									"description": "Default 500; max 1000.",
									"disabled": true
								}
							]
						}
					},
					"response": []
				},
				{
					"name": "Old Trades Lookup (MARKET_DATA)",
					"request": {
						"method": "GET",
						"header": [
							{
								"key": "Content-Type",
								"type": "text",
								"value": "application/json"
							},
							{
								"key": "X-MBX-APIKEY",
								"type": "text",
								"value": "{{binance-api-key}}"
							}
						],
						"url": {
							"raw": "{{url}}/fapi/v1/historicalTrades?symbol=BTCUSDT",
							"host": [
								"{{url}}"
							],
							"path": [
								"fapi",
								"v1",
								"historicalTrades"
							],
							"query": [
								{
									"key": "symbol",
									"value": "BTCUSDT"
								},
								{
									"key": "limit",
									"value": "100",
									"description": "Default 500; max 1000.",
									"disabled": true
								},
								{
									"key": "fromId",
									"value": "''",
									"disabled": true
								}
							]
						},
						"description": "This endpoint need your API key only, not the secret key."
					},
					"response": []
				},
				{
					"name": "Compressed/Aggregate Trades List",
					"request": {
						"method": "GET",
						"header": [
							{
								"key": "Content-Type",
								"type": "text",
								"value": "application/json"
							}
						],
						"url": {
							"raw": "{{url}}/fapi/v1/aggTrades?symbol=BTCUSDT",
							"host": [
								"{{url}}"
							],
							"path": [
								"fapi",
								"v1",
								"aggTrades"
							],
							"query": [
								{
									"key": "symbol",
									"value": "BTCUSDT"
								},
								{
									"key": "fromId",
									"value": null,
									"disabled": true
								},
								{
									"key": "startTime",
									"value": null,
									"disabled": true
								},
								{
									"key": "endTime",
									"value": null,
									"disabled": true
								},
								{
									"key": "limit",
									"value": "500",
									"description": "Default 500; max 1000.",
									"disabled": true
								}
							]
						}
					},
					"response": []
				},
				{
					"name": "Kline/Candlestick Data",
					"request": {
						"method": "GET",
						"header": [
							{
								"key": "Content-Type",
								"type": "text",
								"value": "application/json"
							}
						],
						"url": {
							"raw": "{{url}}/fapi/v1/klines?symbol=BTCUSDT&interval=1h",
							"host": [
								"{{url}}"
							],
							"path": [
								"fapi",
								"v1",
								"klines"
							],
							"query": [
								{
									"key": "symbol",
									"value": "BTCUSDT"
								},
								{
									"key": "interval",
									"value": "1h",
									"description": "1m, 1h, 1d"
								},
								{
									"key": "startTime",
									"value": null,
									"disabled": true
								},
								{
									"key": "endTime",
									"value": null,
									"disabled": true
								},
								{
									"key": "limit",
									"value": "500",
									"description": "Default 500; max 1500.",
									"disabled": true
								}
							]
						},
						"description": "Kline/candlestick bars for a symbol. Klines are uniquely identified by their open time."
					},
					"response": []
				},
				{
					"name": "Continuous Contract Kline/Candlestick Data",
					"request": {
						"method": "GET",
						"header": [
							{
								"key": "Content-Type",
								"type": "text",
								"value": "application/json"
							}
						],
						"url": {
							"raw": "{{url}}/fapi/v1/continuousKlines?pair=&contractType=&interval=",
							"host": [
								"{{url}}"
							],
							"path": [
								"fapi",
								"v1",
								"continuousKlines"
							],
							"query": [
								{
									"key": "pair",
									"value": ""
								},
								{
									"key": "contractType",
									"value": ""
								},
								{
									"key": "interval",
									"value": ""
								},
								{
									"key": "startTime",
									"value": "",
									"disabled": true
								},
								{
									"key": "endTime",
									"value": "",
									"disabled": true
								},
								{
									"key": "limit",
									"value": "",
									"disabled": true
								}
							]
						},
						"description": "Kline/candlestick bars for a symbol. Klines are uniquely identified by their open time."
					},
					"response": []
				},
				{
					"name": "Index Price Kline/Candlestick Data",
					"request": {
						"method": "GET",
						"header": [
							{
								"key": "Content-Type",
								"type": "text",
								"value": "application/json"
							}
						],
						"url": {
							"raw": "{{url}}/fapi/v1/indexPriceKlines?pair=BTCUSDT&interval=1h",
							"host": [
								"{{url}}"
							],
							"path": [
								"fapi",
								"v1",
								"indexPriceKlines"
							],
							"query": [
								{
									"key": "pair",
									"value": "BTCUSDT"
								},
								{
									"key": "interval",
									"value": "1h",
									"description": "1m, 1h, 1d"
								},
								{
									"key": "startTime",
									"value": null,
									"disabled": true
								},
								{
									"key": "endTime",
									"value": null,
									"disabled": true
								},
								{
									"key": "limit",
									"value": "500",
									"description": "Default 500; max 1500.",
									"disabled": true
								}
							]
						},
						"description": "Kline/candlestick bars for the index price of a pair. Klines are uniquely identified by their open time."
					},
					"response": []
				},
				{
					"name": "Mark Price Kline/Candlestick Data",
					"request": {
						"method": "GET",
						"header": [
							{
								"key": "Content-Type",
								"type": "text",
								"value": "application/json"
							}
						],
						"url": {
							"raw": "{{url}}/fapi/v1/markPriceKlines?symbol=BTCUSDT&interval=1h",
							"host": [
								"{{url}}"
							],
							"path": [
								"fapi",
								"v1",
								"markPriceKlines"
							],
							"query": [
								{
									"key": "symbol",
									"value": "BTCUSDT"
								},
								{
									"key": "interval",
									"value": "1h",
									"description": "1m, 1h, 1d"
								},
								{
									"key": "startTime",
									"value": null,
									"disabled": true
								},
								{
									"key": "endTime",
									"value": null,
									"disabled": true
								},
								{
									"key": "limit",
									"value": "500",
									"description": "Default 500; max 1500.",
									"disabled": true
								}
							]
						},
						"description": "Kline/candlestick bars for the mark price of a symbol. Klines are uniquely identified by their open time."
					},
					"response": []
				},
				{
					"name": "Mark Price",
					"request": {
						"method": "GET",
						"header": [
							{
								"key": "Content-Type",
								"type": "text",
								"value": "application/json"
							}
						],
						"url": {
							"raw": "{{url}}/fapi/v1/premiumIndex",
							"host": [
								"{{url}}"
							],
							"path": [
								"fapi",
								"v1",
								"premiumIndex"
							],
							"query": [
								{
									"key": "symbol",
									"value": "",
									"disabled": true
								}
							]
						},
						"description": "Mark Price and Funding Rate\n\nWeight: 1"
					},
					"response": []
				},
				{
					"name": "Get Funding Rate History",
					"request": {
						"method": "GET",
						"header": [
							{
								"key": "Content-Type",
								"type": "text",
								"value": "application/json"
							}
						],
						"url": {
							"raw": "{{url}}/fapi/v1/fundingRate",
							"host": [
								"{{url}}"
							],
							"path": [
								"fapi",
								"v1",
								"fundingRate"
							],
							"query": [
								{
									"key": "symbol",
									"value": "BTCUSDT",
									"disabled": true
								},
								{
									"key": "startTime",
									"value": null,
									"disabled": true
								},
								{
									"key": "endTime",
									"value": null,
									"disabled": true
								},
								{
									"key": "limit",
									"value": "100",
									"disabled": true
								}
							]
						},
						"description": "Mark Price and Funding Rate\n\nWeight: 1"
					},
					"response": []
				},
				{
					"name": "24hr Ticker Price Change Statistics",
					"request": {
						"method": "GET",
						"header": [
							{
								"key": "Content-Type",
								"type": "text",
								"value": "application/json"
							}
						],
						"url": {
							"raw": "{{url}}/fapi/v1/ticker/24hr",
							"host": [
								"{{url}}"
							],
							"path": [
								"fapi",
								"v1",
								"ticker",
								"24hr"
							],
							"query": [
								{
									"key": "symbol",
									"value": "",
									"disabled": true
								}
							]
						},
						"description": "24 hour rolling window price change statistics.\n\nCareful when accessing this with no symbol.\n\nWeight:\n\n1 for a single symbol;\n\n40 when the symbol parameter is omitted"
					},
					"response": []
				},
				{
					"name": "Symbol Price Ticker",
					"request": {
						"method": "GET",
						"header": [
							{
								"key": "Content-Type",
								"type": "text",
								"value": "application/json"
							}
						],
						"url": {
							"raw": "{{url}}/fapi/v1/ticker/price",
							"host": [
								"{{url}}"
							],
							"path": [
								"fapi",
								"v1",
								"ticker",
								"24hr"
							],
							"query": [
								{
									"key": "symbol",
									"value": "",
									"disabled": true
								}
							]
						},
						"description": "Latest price for a symbol or symbols."
					},
					"response": []
				},
				{
					"name": "Symbol Order Book Ticker",
					"request": {
						"method": "GET",
						"header": [
							{
								"key": "Content-Type",
								"type": "text",
								"value": "application/json"
							}
						],
						"url": {
							"raw": "{{url}}/fapi/v1/ticker/bookTicker",
							"host": [
								"{{url}}"
							],
							"path": [
								"fapi",
								"v1",
								"ticker",
								"bookTicker"
							],
							"query": [
								{
									"key": "symbol",
									"value": "",
									"disabled": true
								}
							]
						},
						"description": "Best price/qty on the order book for a symbol or symbols."
					},
					"response": []
				},
				{
					"name": "Open Interest",
					"request": {
						"method": "GET",
						"header": [
							{
								"key": "Content-Type",
								"type": "text",
								"value": "application/json"
							}
						],
						"url": {
							"raw": "{{url}}/fapi/v1/openInterest?symbol=BTCUSDT",
							"host": [
								"{{url}}"
							],
							"path": [
								"fapi",
								"v1",
								"openInterest"
							],
							"query": [
								{
									"key": "symbol",
									"value": "BTCUSDT"
								}
							]
						},
						"description": "Get present open interest of a specific symbol."
					},
					"response": []
				},
				{
					"name": "Open Interest Statistics",
					"request": {
						"method": "GET",
						"header": [
							{
								"key": "Content-Type",
								"type": "text",
								"value": "application/json"
							},
							{
								"key": "X-MBX-APIKEY",
								"type": "text",
								"value": "{{binance-api-key}}"
							}
						],
						"url": {
							"raw": "{{url}}/futures/data/openInterestHist?symbol=BTCUSDT&period=",
							"host": [
								"{{url}}"
							],
							"path": [
								"futures",
								"data",
								"openInterestHist"
							],
							"query": [
								{
									"key": "symbol",
									"value": "BTCUSDT"
								},
								{
									"key": "period",
									"value": "",
									"description": "\"5m\",\"15m\",\"30m\",\"1h\",\"2h\",\"4h\",\"6h\",\"12h\",\"1d\""
								},
								{
									"key": "limit",
									"value": "30",
									"disabled": true
								},
								{
									"key": "startTime",
									"value": "",
									"disabled": true
								},
								{
									"key": "endTime",
									"value": "",
									"disabled": true
								}
							]
						},
						"description": "Get present open interest of a specific symbol."
					},
					"response": []
				},
				{
					"name": "Top Trader Long/Short Ratio (Accounts)",
					"request": {
						"method": "GET",
						"header": [
							{
								"key": "Content-Type",
								"type": "text",
								"value": "application/json"
							}
						],
						"url": {
							"raw": "{{url}}/futures/data/topLongShortAccountRatio?symbol=BTCUSDT&period=",
							"host": [
								"{{url}}"
							],
							"path": [
								"futures",
								"data",
								"topLongShortAccountRatio"
							],
							"query": [
								{
									"key": "symbol",
									"value": "BTCUSDT"
								},
								{
									"key": "period",
									"value": "",
									"description": "\"5m\",\"15m\",\"30m\",\"1h\",\"2h\",\"4h\",\"6h\",\"12h\",\"1d\""
								},
								{
									"key": "limit",
									"value": "30",
									"disabled": true
								},
								{
									"key": "startTime",
									"value": "",
									"disabled": true
								},
								{
									"key": "endTime",
									"value": "",
									"disabled": true
								}
							]
						},
						"description": "Get present open interest of a specific symbol."
					},
					"response": []
				},
				{
					"name": "Top Trader Long/Short Ratio (Positions)",
					"request": {
						"method": "GET",
						"header": [
							{
								"key": "Content-Type",
								"type": "text",
								"value": "application/json"
							}
						],
						"url": {
							"raw": "{{url}}/futures/data/topLongShortPositionRatio?symbol=BTCUSDT&period=",
							"host": [
								"{{url}}"
							],
							"path": [
								"futures",
								"data",
								"topLongShortPositionRatio"
							],
							"query": [
								{
									"key": "symbol",
									"value": "BTCUSDT"
								},
								{
									"key": "period",
									"value": "",
									"description": "\"5m\",\"15m\",\"30m\",\"1h\",\"2h\",\"4h\",\"6h\",\"12h\",\"1d\""
								},
								{
									"key": "limit",
									"value": "30",
									"disabled": true
								},
								{
									"key": "startTime",
									"value": "",
									"disabled": true
								},
								{
									"key": "endTime",
									"value": "",
									"disabled": true
								}
							]
						},
						"description": "Get present open interest of a specific symbol."
					},
					"response": []
				},
				{
					"name": "Long/Short Ratio",
					"request": {
						"method": "GET",
						"header": [
							{
								"key": "Content-Type",
								"type": "text",
								"value": "application/json"
							},
							{
								"key": "X-MBX-APIKEY",
								"type": "text",
								"value": "{{binance-api-key}}"
							}
						],
						"url": {
							"raw": "{{url}}/futures/data/globalLongShortAccountRatio?symbol=BTCUSDT&period=",
							"host": [
								"{{url}}"
							],
							"path": [
								"futures",
								"data",
								"globalLongShortAccountRatio"
							],
							"query": [
								{
									"key": "symbol",
									"value": "BTCUSDT"
								},
								{
									"key": "period",
									"value": "",
									"description": "\"5m\",\"15m\",\"30m\",\"1h\",\"2h\",\"4h\",\"6h\",\"12h\",\"1d\""
								},
								{
									"key": "limit",
									"value": "30",
									"disabled": true
								},
								{
									"key": "startTime",
									"value": "",
									"disabled": true
								},
								{
									"key": "endTime",
									"value": "",
									"disabled": true
								}
							]
						},
						"description": "Get present open interest of a specific symbol."
					},
					"response": []
				},
				{
					"name": "Taker Buy/Sell Volume",
					"request": {
						"method": "GET",
						"header": [
							{
								"key": "Content-Type",
								"type": "text",
								"value": "application/json"
							},
							{
								"key": "X-MBX-APIKEY",
								"type": "text",
								"value": "{{binance-api-key}}"
							}
						],
						"url": {
							"raw": "{{url}}/futures/data/takerlongshortRatio?symbol=BTCUSDT&period=5m",
							"host": [
								"{{url}}"
							],
							"path": [
								"futures",
								"data",
								"takerlongshortRatio"
							],
							"query": [
								{
									"key": "symbol",
									"value": "BTCUSDT"
								},
								{
									"key": "period",
									"value": "5m",
									"description": "\"5m\",\"15m\",\"30m\",\"1h\",\"2h\",\"4h\",\"6h\",\"12h\",\"1d\""
								},
								{
									"key": "limit",
									"value": "30",
									"description": "default 30, max 500",
									"disabled": true
								},
								{
									"key": "startTime",
									"value": "",
									"disabled": true
								},
								{
									"key": "endTime",
									"value": "",
									"disabled": true
								}
							]
						}
					},
					"response": []
				},
				{
					"name": "Historical BLVT NAV Kline/Candlestick",
					"request": {
						"method": "GET",
						"header": [
							{
								"key": "Content-Type",
								"type": "text",
								"value": "application/json"
							},
							{
								"key": "X-MBX-APIKEY",
								"type": "text",
								"value": "{{binance-api-key}}"
							}
						],
						"url": {
							"raw": "{{url}}/fapi/v1/lvtKlines?symbol=&interval=",
							"host": [
								"{{url}}"
							],
							"path": [
								"fapi",
								"v1",
								"lvtKlines"
							],
							"query": [
								{
									"key": "symbol",
									"value": "",
									"description": "token name"
								},
								{
									"key": "interval",
									"value": ""
								},
								{
									"key": "startTime",
									"value": "",
									"disabled": true
								},
								{
									"key": "endTime",
									"value": "",
									"disabled": true
								},
								{
									"key": "limit",
									"value": "",
									"description": "default 500, max 1000",
									"disabled": true
								}
							]
						}
					},
					"response": []
				},
				{
					"name": "Composite Index Symbol Information",
					"request": {
						"method": "GET",
						"header": [
							{
								"key": "Content-Type",
								"type": "text",
								"value": "application/json"
							},
							{
								"key": "X-MBX-APIKEY",
								"type": "text",
								"value": "{{binance-api-key}}"
							}
						],
						"url": {
							"raw": "{{url}}/fapi/v1/indexInfo",
							"host": [
								"{{url}}"
							],
							"path": [
								"fapi",
								"v1",
								"indexInfo"
							],
							"query": [
								{
									"key": "symbol",
									"value": "",
									"description": "token name",
									"disabled": true
								}
							]
						}
					},
					"response": []
				},
				{
					"name": "Multi-Assets Mode Asset Index",
					"request": {
						"method": "GET",
						"header": [
							{
								"key": "Content-Type",
								"type": "text",
								"value": "application/json"
							}
						],
						"url": {
							"raw": "{{url}}/fapi/v1/assetIndex",
							"host": [
								"{{url}}"
							],
							"path": [
								"fapi",
								"v1",
								"assetIndex"
							],
							"query": [
								{
									"key": "symbol",
									"value": "",
									"description": "Asset pair",
									"disabled": true
								}
							]
						}
					},
					"response": []
				}
			]
		},
		{
			"name": "Account",
			"item": [
				{
					"name": "Account information",
					"event": [
						{
							"listen": "prerequest",
							"script": {
								"exec": [
									""
								],
								"type": "text/javascript"
							}
						}
					],
					"request": {
						"method": "GET",
						"header": [
							{
								"key": "Content-Type",
								"type": "text",
								"value": "application/json"
							},
							{
								"key": "X-MBX-APIKEY",
								"value": "{{binance-api-key}}",
								"type": "text"
							}
						],
						"url": {
							"raw": "{{url}}/fapi/v2/account?timestamp={{timestamp}}&signature={{signature}}",
							"host": [
								"{{url}}"
							],
							"path": [
								"fapi",
								"v2",
								"account"
							],
							"query": [
								{
									"key": "recvWindow",
									"value": null,
									"disabled": true
								},
								{
									"key": "timestamp",
									"value": "{{timestamp}}"
								},
								{
									"key": "signature",
									"value": "{{signature}}"
								}
							]
						}
					},
					"response": []
				},
				{
					"name": "Get Income History",
					"event": [
						{
							"listen": "prerequest",
							"script": {
								"exec": [
									"",
									""
								],
								"type": "text/javascript"
							}
						}
					],
					"request": {
						"method": "GET",
						"header": [
							{
								"key": "Content-Type",
								"type": "text",
								"value": "application/json"
							},
							{
								"key": "X-MBX-APIKEY",
								"type": "text",
								"value": "{{binance-api-key}}"
							}
						],
						"url": {
							"raw": "{{url}}/fapi/v1/income?timestamp={{timestamp}}&signature={{signature}}",
							"host": [
								"{{url}}"
							],
							"path": [
								"fapi",
								"v1",
								"income"
							],
							"query": [
								{
									"key": "symbol",
									"value": "BTCUSDT",
									"disabled": true
								},
								{
									"key": "incomeType",
									"value": "REALIZED_PNL",
									"disabled": true
								},
								{
									"key": "startTime",
									"value": null,
									"disabled": true
								},
								{
									"key": "endTime",
									"value": null,
									"disabled": true
								},
								{
									"key": "limit",
									"value": "100",
									"disabled": true
								},
								{
									"key": "timestamp",
									"value": "{{timestamp}}"
								},
								{
									"key": "signature",
									"value": "{{signature}}"
								}
							]
						}
					},
					"response": []
				},
				{
					"name": "Position Information",
					"event": [
						{
							"listen": "prerequest",
							"script": {
								"exec": [
									""
								],
								"type": "text/javascript"
							}
						}
					],
					"request": {
						"method": "GET",
						"header": [
							{
								"key": "Content-Type",
								"type": "text",
								"value": "application/json"
							},
							{
								"key": "X-MBX-APIKEY",
								"type": "text",
								"value": "{{binance-api-key}}"
							}
						],
						"url": {
							"raw": "{{url}}/fapi/v2/positionRisk?timestamp={{timestamp}}&signature={{signature}}",
							"host": [
								"{{url}}"
							],
							"path": [
								"fapi",
								"v2",
								"positionRisk"
							],
							"query": [
								{
									"key": "symbol",
									"value": null,
									"disabled": true
								},
								{
									"key": "recvWindow",
									"value": null,
									"disabled": true
								},
								{
									"key": "timestamp",
									"value": "{{timestamp}}"
								},
								{
									"key": "signature",
									"value": "{{signature}}"
								}
							]
						}
					},
					"response": []
				},
				{
					"name": "Account Trade List",
					"event": [
						{
							"listen": "prerequest",
							"script": {
								"exec": [
									"",
									""
								],
								"type": "text/javascript"
							}
						}
					],
					"request": {
						"method": "GET",
						"header": [
							{
								"key": "Content-Type",
								"type": "text",
								"value": "application/json"
							},
							{
								"key": "X-MBX-APIKEY",
								"type": "text",
								"value": "{{binance-api-key}}"
							}
						],
						"url": {
							"raw": "{{url}}/fapi/v1/userTrades?symbol=BTCUSDT&timestamp={{timestamp}}&signature={{signature}}",
							"host": [
								"{{url}}"
							],
							"path": [
								"fapi",
								"v1",
								"userTrades"
							],
							"query": [
								{
									"key": "symbol",
									"value": "BTCUSDT"
								},
								{
									"key": "startTime",
									"value": "",
									"disabled": true
								},
								{
									"key": "endTime",
									"value": "",
									"disabled": true
								},
								{
									"key": "fromId",
									"value": "",
									"disabled": true
								},
								{
									"key": "limit",
									"value": "500",
									"disabled": true
								},
								{
									"key": "timestamp",
									"value": "{{timestamp}}"
								},
								{
									"key": "signature",
									"value": "{{signature}}"
								}
							]
						}
					},
					"response": []
				},
				{
					"name": "Future Account Balance",
					"event": [
						{
							"listen": "prerequest",
							"script": {
								"exec": [
									""
								],
								"type": "text/javascript"
							}
						}
					],
					"request": {
						"method": "GET",
						"header": [
							{
								"key": "Content-Type",
								"type": "text",
								"value": "application/json"
							},
							{
								"key": "X-MBX-APIKEY",
								"type": "text",
								"value": "{{binance-api-key}}"
							}
						],
						"url": {
							"raw": "{{url}}/fapi/v2/balance?timestamp={{timestamp}}&signature={{signature}}",
							"host": [
								"{{url}}"
							],
							"path": [
								"fapi",
								"v2",
								"balance"
							],
							"query": [
								{
									"key": "recvWindow",
									"value": null,
									"disabled": true
								},
								{
									"key": "timestamp",
									"value": "{{timestamp}}"
								},
								{
									"key": "signature",
									"value": "{{signature}}"
								}
							]
						}
					},
					"response": []
				},
				{
					"name": "Notional and Leverage Brackets (USER_DATA)",
					"request": {
						"method": "GET",
						"header": [
							{
								"key": "Content-Type",
								"type": "text",
								"value": "application/json"
							},
							{
								"key": "X-MBX-APIKEY",
								"type": "text",
								"value": "{{binance-api-key}}"
							}
						],
						"url": {
							"raw": "{{url}}/fapi/v1/leverageBracket?timestamp={{timestamp}}&signature={{signature}}",
							"host": [
								"{{url}}"
							],
							"path": [
								"fapi",
								"v1",
								"leverageBracket"
							],
							"query": [
								{
									"key": "symbol",
									"value": "BTCUSDT",
									"disabled": true
								},
								{
									"key": "timestamp",
									"value": "{{timestamp}}"
								},
								{
									"key": "signature",
									"value": "{{signature}}"
								}
							]
						},
						"description": "Get present open interest of a specific symbol."
					},
					"response": []
				},
				{
					"name": "Position ADL Quantile Estimation (USER_DATA)",
					"event": [
						{
							"listen": "prerequest",
							"script": {
								"exec": [
									"",
									""
								],
								"type": "text/javascript"
							}
						}
					],
					"request": {
						"method": "GET",
						"header": [
							{
								"key": "Content-Type",
								"type": "text",
								"value": "application/json"
							},
							{
								"key": "X-MBX-APIKEY",
								"type": "text",
								"value": "{{binance-api-key}}"
							}
						],
						"url": {
							"raw": "{{url}}/fapi/v1/adlQuantile?timestamp={{timestamp}}&signature={{signature}}",
							"host": [
								"{{url}}"
							],
							"path": [
								"fapi",
								"v1",
								"adlQuantile"
							],
							"query": [
								{
									"key": "symbol",
									"value": "",
									"disabled": true
								},
								{
									"key": "timestamp",
									"value": "{{timestamp}}"
								},
								{
									"key": "signature",
									"value": "{{signature}}"
								}
							]
						}
					},
					"response": []
				},
				{
					"name": "User Commission Rate (USER_DATA)",
					"event": [
						{
							"listen": "prerequest",
							"script": {
								"exec": [
									"",
									""
								],
								"type": "text/javascript"
							}
						}
					],
					"request": {
						"method": "GET",
						"header": [
							{
								"key": "Content-Type",
								"type": "text",
								"value": "application/json"
							},
							{
								"key": "X-MBX-APIKEY",
								"type": "text",
								"value": "{{binance-api-key}}"
							}
						],
						"url": {
							"raw": "{{url}}/fapi/v1/commissionRate?symbol=&timestamp={{timestamp}}&signature={{signature}}",
							"host": [
								"{{url}}"
							],
							"path": [
								"fapi",
								"v1",
								"commissionRate"
							],
							"query": [
								{
									"key": "symbol",
									"value": ""
								},
								{
									"key": "timestamp",
									"value": "{{timestamp}}"
								},
								{
									"key": "signature",
									"value": "{{signature}}"
								}
							]
						}
					},
					"response": []
				},
				{
					"name": "Get Current Multi-Assets Mode",
					"event": [
						{
							"listen": "prerequest",
							"script": {
								"exec": [
									""
								],
								"type": "text/javascript"
							}
						}
					],
					"request": {
						"method": "GET",
						"header": [
							{
								"key": "Content-Type",
								"value": "application/json",
								"type": "text"
							},
							{
								"key": "X-MBX-APIKEY",
								"value": "{{binance-api-key}}",
								"type": "text"
							}
						],
						"url": {
							"raw": "{{url}}/fapi/v1/multiAssetsMargin?timestamp={{timestamp}}&signature={{signature}}",
							"host": [
								"{{url}}"
							],
							"path": [
								"fapi",
								"v1",
								"multiAssetsMargin"
							],
							"query": [
								{
									"key": "recvWindow",
									"value": "",
									"disabled": true
								},
								{
									"key": "timestamp",
									"value": "{{timestamp}}"
								},
								{
									"key": "signature",
									"value": "{{signature}}"
								}
							]
						}
					},
					"response": []
				},
				{
					"name": "Change Multi-Assets Mode",
					"request": {
						"method": "POST",
						"header": [
							{
								"key": "Content-Type",
								"value": "application/json",
								"type": "text"
							},
							{
								"key": "X-MBX-APIKEY",
								"value": "{{binance-api-key}}",
								"type": "text"
							}
						],
						"url": {
							"raw": "{{url}}/fapi/v1/multiAssetsMargin?multiAssetsMargin=true&timestamp={{timestamp}}&signature={{signature}}",
							"host": [
								"{{url}}"
							],
							"path": [
								"fapi",
								"v1",
								"multiAssetsMargin"
							],
							"query": [
								{
									"key": "multiAssetsMargin",
									"value": "true"
								},
								{
									"key": "recvWindow",
									"value": null,
									"disabled": true
								},
								{
									"key": "timestamp",
									"value": "{{timestamp}}"
								},
								{
									"key": "signature",
									"value": "{{signature}}"
								}
							]
						}
					},
					"response": []
				}
			]
		},
		{
			"name": "Order",
			"item": [
				{
					"name": "New Order (TRADE)",
					"event": [
						{
							"listen": "prerequest",
							"script": {
								"exec": [
									""
								],
								"type": "text/javascript"
							}
						}
					],
					"request": {
						"method": "POST",
						"header": [
							{
								"key": "Content-Type",
								"name": "Content-Type",
								"type": "text",
								"value": "application/json"
							},
							{
								"key": "X-MBX-APIKEY",
								"type": "text",
								"value": "{{binance-api-key}}"
							}
						],
						"url": {
							"raw": "{{url}}/fapi/v1/order?symbol=&side=&type=&quantity=&price=&timestamp={{timestamp}}&signature={{signature}}",
							"host": [
								"{{url}}"
							],
							"path": [
								"fapi",
								"v1",
								"order"
							],
							"query": [
								{
									"key": "symbol",
									"value": ""
								},
								{
									"key": "side",
									"value": ""
								},
								{
									"key": "positionSide",
									"value": "",
									"description": "Default BOTH for One-way Mode ;\nLONG or SHORT for Hedge Mode. It must be sent with Hedge Mode.",
									"disabled": true
								},
								{
									"key": "type",
									"value": ""
								},
								{
									"key": "timeInForce",
									"value": "",
									"disabled": true
								},
								{
									"key": "quantity",
									"value": ""
								},
								{
									"key": "reduceOnly",
									"value": "",
									"disabled": true
								},
								{
									"key": "price",
									"value": ""
								},
								{
									"key": "newClientOrderId",
									"value": "",
									"disabled": true
								},
								{
									"key": "stopPrice",
									"value": "",
									"disabled": true
								},
								{
									"key": "closePosition",
									"value": "",
									"description": "true, false；Close-All，used with STOP_MARKET or TAKE_PROFIT_MARKET.",
									"disabled": true
								},
								{
									"key": "activationPrice",
									"value": "",
									"disabled": true
								},
								{
									"key": "callbackRate",
									"value": "",
									"description": "Used with TRAILING_STOP_MARKET orders, min 0.1, max 5 where 1 for 1%",
									"disabled": true
								},
								{
									"key": "workingType",
									"value": "CONTRACT_PRICE",
									"description": "stopPrice triggered by: \"MARK_PRICE\", \"CONTRACT_PRICE\". Default \"CONTRACT_PRICE\"",
									"disabled": true
								},
								{
									"key": "newOrderRespType",
									"value": "",
									"description": "\"ACK\", \"RESULT\", default \"ACK\"",
									"disabled": true
								},
								{
									"key": "timestamp",
									"value": "{{timestamp}}"
								},
								{
									"key": "signature",
									"value": "{{signature}}"
								}
							]
						},
						"description": "https://binance-docs.github.io/apidocs/futures/en/#new-order-trade"
					},
					"response": []
				},
				{
					"name": "Place Multiple Orders (TRADE)",
					"event": [
						{
							"listen": "prerequest",
							"script": {
								"exec": [
									""
								],
								"type": "text/javascript"
							}
						}
					],
					"request": {
						"method": "POST",
						"header": [
							{
								"key": "Content-Type",
								"name": "Content-Type",
								"type": "text",
								"value": "application/json"
							},
							{
								"key": "X-MBX-APIKEY",
								"type": "text",
								"value": "{{binance-api-key}}"
							}
						],
						"url": {
							"raw": "{{url}}/fapi/v1/batchOrders?batchOrders=&timestamp={{timestamp}}&signature={{signature}}",
							"host": [
								"{{url}}"
							],
							"path": [
								"fapi",
								"v1",
								"batchOrders"
							],
							"query": [
								{
									"key": "batchOrders",
									"value": ""
								},
								{
									"key": "timestamp",
									"value": "{{timestamp}}"
								},
								{
									"key": "signature",
									"value": "{{signature}}",
									"description": "Default BOTH for One-way Mode ;\nLONG or SHORT for Hedge Mode. It must be sent with Hedge Mode."
								}
							]
						}
					},
					"response": []
				},
				{
					"name": "Query Order",
					"event": [
						{
							"listen": "prerequest",
							"script": {
								"exec": [
									""
								],
								"type": "text/javascript"
							}
						}
					],
					"request": {
						"method": "GET",
						"header": [
							{
								"key": "Content-Type",
								"name": "Content-Type",
								"type": "text",
								"value": "application/json"
							},
							{
								"key": "X-MBX-APIKEY",
								"type": "text",
								"value": "{{binance-api-key}}"
							}
						],
						"url": {
							"raw": "{{url}}/fapi/v1/order?symbol=BTCUSDT&timestamp={{timestamp}}&signature={{signature}}",
							"host": [
								"{{url}}"
							],
							"path": [
								"fapi",
								"v1",
								"order"
							],
							"query": [
								{
									"key": "symbol",
									"value": "BTCUSDT"
								},
								{
									"key": "orderId",
									"value": "",
									"disabled": true
								},
								{
									"key": "origClientOrderId",
									"value": null,
									"disabled": true
								},
								{
									"key": "timestamp",
									"value": "{{timestamp}}"
								},
								{
									"key": "signature",
									"value": "{{signature}}"
								}
							]
						}
					},
					"response": []
				},
				{
					"name": "Cancel Order",
					"event": [
						{
							"listen": "prerequest",
							"script": {
								"exec": [
									""
								],
								"type": "text/javascript"
							}
						}
					],
					"request": {
						"method": "DELETE",
						"header": [
							{
								"key": "Content-Type",
								"name": "Content-Type",
								"type": "text",
								"value": "application/json"
							},
							{
								"key": "X-MBX-APIKEY",
								"type": "text",
								"value": "{{binance-api-key}}"
							}
						],
						"url": {
							"raw": "{{url}}/fapi/v1/order?symbol=BTCUSDT&timestamp={{timestamp}}&signature={{signature}}",
							"host": [
								"{{url}}"
							],
							"path": [
								"fapi",
								"v1",
								"order"
							],
							"query": [
								{
									"key": "symbol",
									"value": "BTCUSDT"
								},
								{
									"key": "orderId",
									"value": "1192355366",
									"disabled": true
								},
								{
									"key": "origClientOrderId",
									"value": null,
									"disabled": true
								},
								{
									"key": "timestamp",
									"value": "{{timestamp}}"
								},
								{
									"key": "signature",
									"value": "{{signature}}"
								}
							]
						}
					},
					"response": []
				},
				{
					"name": "Cancel All Open Orders",
					"event": [
						{
							"listen": "prerequest",
							"script": {
								"exec": [
									""
								],
								"type": "text/javascript"
							}
						}
					],
					"request": {
						"method": "DELETE",
						"header": [
							{
								"key": "Content-Type",
								"name": "Content-Type",
								"type": "text",
								"value": "application/json"
							},
							{
								"key": "X-MBX-APIKEY",
								"type": "text",
								"value": "{{binance-api-key}}"
							}
						],
						"url": {
							"raw": "{{url}}/fapi/v1/allOpenOrders?symbol=BTCUSDT&timestamp={{timestamp}}&signature={{signature}}",
							"host": [
								"{{url}}"
							],
							"path": [
								"fapi",
								"v1",
								"allOpenOrders"
							],
							"query": [
								{
									"key": "symbol",
									"value": "BTCUSDT"
								},
								{
									"key": "timestamp",
									"value": "{{timestamp}}"
								},
								{
									"key": "signature",
									"value": "{{signature}}"
								}
							]
						}
					},
					"response": []
				},
				{
					"name": "Auto-Cancel All Open Orders (TRADE)",
					"event": [
						{
							"listen": "prerequest",
							"script": {
								"exec": [
									""
								],
								"type": "text/javascript"
							}
						}
					],
					"request": {
						"method": "POST",
						"header": [
							{
								"key": "Content-Type",
								"name": "Content-Type",
								"type": "text",
								"value": "application/json"
							},
							{
								"key": "X-MBX-APIKEY",
								"type": "text",
								"value": "{{binance-api-key}}"
							}
						],
						"url": {
							"raw": "{{url}}/fapi/v1/countdownCancelAll?symbol=&countdownTime=&timestamp={{timestamp}}&signature={{signature}}",
							"host": [
								"{{url}}"
							],
							"path": [
								"fapi",
								"v1",
								"countdownCancelAll"
							],
							"query": [
								{
									"key": "symbol",
									"value": ""
								},
								{
									"key": "countdownTime",
									"value": "",
									"description": "countdown time, 1000 for 1 second. 0 to cancel the timer"
								},
								{
									"key": "timestamp",
									"value": "{{timestamp}}"
								},
								{
									"key": "signature",
									"value": "{{signature}}"
								}
							]
						}
					},
					"response": []
				},
				{
					"name": "Cancel Multiple Orders (TRADE)",
					"event": [
						{
							"listen": "prerequest",
							"script": {
								"exec": [
									""
								],
								"type": "text/javascript"
							}
						}
					],
					"request": {
						"method": "DELETE",
						"header": [
							{
								"key": "Content-Type",
								"name": "Content-Type",
								"type": "text",
								"value": "application/json"
							},
							{
								"key": "X-MBX-APIKEY",
								"type": "text",
								"value": "{{binance-api-key}}"
							}
						],
						"url": {
							"raw": "{{url}}/fapi/v1/batchOrders?symbol=BTCUSDT&origClientOrderIdList=[IKDQAMirf7vElig8hTZHh0,HwJSQKA7drF37tqqAN6q6q]&timestamp={{timestamp}}&signature={{signature}}",
							"host": [
								"{{url}}"
							],
							"path": [
								"fapi",
								"v1",
								"batchOrders"
							],
							"query": [
								{
									"key": "symbol",
									"value": "BTCUSDT"
								},
								{
									"key": "orderIdList",
									"value": "[1221114054,1229719329]",
									"description": "[id,id]  no space in between",
									"disabled": true
								},
								{
									"key": "origClientOrderIdList",
									"value": "[IKDQAMirf7vElig8hTZHh0,HwJSQKA7drF37tqqAN6q6q]"
								},
								{
									"key": "timestamp",
									"value": "{{timestamp}}"
								},
								{
									"key": "signature",
									"value": "{{signature}}"
								}
							]
						}
					},
					"response": []
				},
				{
					"name": "Current All Open Orders (USER_DATA)",
					"event": [
						{
							"listen": "prerequest",
							"script": {
								"exec": [
									""
								],
								"type": "text/javascript"
							}
						}
					],
					"request": {
						"method": "GET",
						"header": [
							{
								"key": "Content-Type",
								"name": "Content-Type",
								"type": "text",
								"value": "application/json"
							},
							{
								"key": "X-MBX-APIKEY",
								"type": "text",
								"value": "{{binance-api-key}}"
							}
						],
						"url": {
							"raw": "{{url}}/fapi/v1/openOrders?timestamp={{timestamp}}&signature={{signature}}",
							"host": [
								"{{url}}"
							],
							"path": [
								"fapi",
								"v1",
								"openOrders"
							],
							"query": [
								{
									"key": "symbol",
									"value": "BTCUSDT",
									"disabled": true
								},
								{
									"key": "timestamp",
									"value": "{{timestamp}}"
								},
								{
									"key": "signature",
									"value": "{{signature}}"
								}
							]
						}
					},
					"response": []
				},
				{
					"name": "Query Current Open Order (USER_DATA)",
					"event": [
						{
							"listen": "prerequest",
							"script": {
								"exec": [
									""
								],
								"type": "text/javascript"
							}
						}
					],
					"request": {
						"method": "GET",
						"header": [
							{
								"key": "Content-Type",
								"name": "Content-Type",
								"type": "text",
								"value": "application/json"
							},
							{
								"key": "X-MBX-APIKEY",
								"type": "text",
								"value": "{{binance-api-key}}"
							}
						],
						"url": {
							"raw": "{{url}}/fapi/v1/openOrder?symbol=&timestamp={{timestamp}}&signature={{signature}}",
							"host": [
								"{{url}}"
							],
							"path": [
								"fapi",
								"v1",
								"openOrder"
							],
							"query": [
								{
									"key": "symbol",
									"value": ""
								},
								{
									"key": "orderId",
									"value": "",
									"disabled": true
								},
								{
									"key": "origClientOrderId",
									"value": null,
									"disabled": true
								},
								{
									"key": "timestamp",
									"value": "{{timestamp}}"
								},
								{
									"key": "signature",
									"value": "{{signature}}"
								}
							]
						}
					},
					"response": []
				},
				{
					"name": "All Orders",
					"event": [
						{
							"listen": "prerequest",
							"script": {
								"exec": [
									""
								],
								"type": "text/javascript"
							}
						}
					],
					"request": {
						"method": "GET",
						"header": [
							{
								"key": "Content-Type",
								"name": "Content-Type",
								"type": "text",
								"value": "application/json"
							},
							{
								"key": "X-MBX-APIKEY",
								"type": "text",
								"value": "{{binance-api-key}}"
							}
						],
						"url": {
							"raw": "{{url}}/fapi/v1/allOrders?symbol=&timestamp={{timestamp}}&signature={{signature}}",
							"host": [
								"{{url}}"
							],
							"path": [
								"fapi",
								"v1",
								"allOrders"
							],
							"query": [
								{
									"key": "symbol",
									"value": ""
								},
								{
									"key": "orderId",
									"value": "",
									"disabled": true
								},
								{
									"key": "startTime",
									"value": "",
									"disabled": true
								},
								{
									"key": "endTime",
									"value": "",
									"disabled": true
								},
								{
									"key": "limit",
									"value": "500",
									"description": "Default 500; max 1000.",
									"disabled": true
								},
								{
									"key": "timestamp",
									"value": "{{timestamp}}"
								},
								{
									"key": "signature",
									"value": "{{signature}}"
								}
							]
						}
					},
					"response": []
				},
				{
					"name": "User's Force Orders (USER_DATA)",
					"event": [
						{
							"listen": "prerequest",
							"script": {
								"exec": [
									""
								],
								"type": "text/javascript"
							}
						}
					],
					"request": {
						"method": "GET",
						"header": [
							{
								"key": "Content-Type",
								"name": "Content-Type",
								"type": "text",
								"value": "application/json"
							},
							{
								"key": "X-MBX-APIKEY",
								"type": "text",
								"value": "{{binance-api-key}}"
							}
						],
						"url": {
							"raw": "{{url}}/fapi/v1/forceOrders?timestamp={{timestamp}}&signature={{signature}}",
							"host": [
								"{{url}}"
							],
							"path": [
								"fapi",
								"v1",
								"forceOrders"
							],
							"query": [
								{
									"key": "symbol",
									"value": "",
									"disabled": true
								},
								{
									"key": "autoCloseType",
									"value": "",
									"disabled": true
								},
								{
									"key": "startTime",
									"value": "",
									"disabled": true
								},
								{
									"key": "endTime",
									"value": "",
									"disabled": true
								},
								{
									"key": "limit",
									"value": "",
									"disabled": true
								},
								{
									"key": "timestamp",
									"value": "{{timestamp}}"
								},
								{
									"key": "signature",
									"value": "{{signature}}"
								}
							]
						}
					},
					"response": []
				}
			]
		},
		{
			"name": "Trade",
			"item": [
				{
					"name": "Change Margin Type",
					"event": [
						{
							"listen": "prerequest",
							"script": {
								"exec": [
									""
								],
								"type": "text/javascript"
							}
						}
					],
					"request": {
						"method": "POST",
						"header": [
							{
								"key": "Content-Type",
								"name": "Content-Type",
								"value": "application/json",
								"type": "text"
							},
							{
								"key": "X-MBX-APIKEY",
								"type": "text",
								"value": "{{binance-api-key}}"
							}
						],
						"url": {
							"raw": "{{url}}/fapi/v1/marginType?symbol=BTCUSDT&marginType=ISOLATED&timestamp={{timestamp}}&signature={{signature}}",
							"host": [
								"{{url}}"
							],
							"path": [
								"fapi",
								"v1",
								"marginType"
							],
							"query": [
								{
									"key": "symbol",
									"value": "BTCUSDT"
								},
								{
									"key": "marginType",
									"value": "ISOLATED"
								},
								{
									"key": "timestamp",
									"value": "{{timestamp}}"
								},
								{
									"key": "signature",
									"value": "{{signature}}"
								}
							]
						}
					},
					"response": []
				},
				{
					"name": "Change Initial Leverage",
					"event": [
						{
							"listen": "prerequest",
							"script": {
								"exec": [
									""
								],
								"type": "text/javascript"
							}
						}
					],
					"request": {
						"method": "POST",
						"header": [
							{
								"key": "Content-Type",
								"name": "Content-Type",
								"type": "text",
								"value": "application/json"
							},
							{
								"key": "X-MBX-APIKEY",
								"type": "text",
								"value": "{{binance-api-key}}"
							}
						],
						"url": {
							"raw": "{{url}}/fapi/v1/leverage?symbol=BTCUSDT&leverage=20&timestamp={{timestamp}}&signature={{signature}}",
							"host": [
								"{{url}}"
							],
							"path": [
								"fapi",
								"v1",
								"leverage"
							],
							"query": [
								{
									"key": "symbol",
									"value": "BTCUSDT"
								},
								{
									"key": "leverage",
									"value": "20"
								},
								{
									"key": "timestamp",
									"value": "{{timestamp}}"
								},
								{
									"key": "signature",
									"value": "{{signature}}"
								}
							]
						}
					},
					"response": []
				},
				{
					"name": "Modify Isolated Position Margin",
					"event": [
						{
							"listen": "prerequest",
							"script": {
								"exec": [
									""
								],
								"type": "text/javascript"
							}
						}
					],
					"request": {
						"method": "POST",
						"header": [
							{
								"key": "Content-Type",
								"name": "Content-Type",
								"type": "text",
								"value": "application/json"
							},
							{
								"key": "X-MBX-APIKEY",
								"type": "text",
								"value": "{{binance-api-key}}"
							}
						],
						"url": {
							"raw": "{{url}}/fapi/v1/positionMargin?symbol=BTCUSDT&amount=100&type=1&timestamp={{timestamp}}&signature={{signature}}",
							"host": [
								"{{url}}"
							],
							"path": [
								"fapi",
								"v1",
								"positionMargin"
							],
							"query": [
								{
									"key": "symbol",
									"value": "BTCUSDT"
								},
								{
									"key": "positionSide",
									"value": "",
									"description": "Default BOTH for One-way Mode ; \nLONG or SHORT for Hedge Mode. It must be sent with Hedge Mode.",
									"disabled": true
								},
								{
									"key": "amount",
									"value": "100"
								},
								{
									"key": "type",
									"value": "1"
								},
								{
									"key": "timestamp",
									"value": "{{timestamp}}"
								},
								{
									"key": "signature",
									"value": "{{signature}}"
								}
							]
						}
					},
					"response": []
				},
				{
					"name": "Get Postion Margin Change History",
					"event": [
						{
							"listen": "prerequest",
							"script": {
								"exec": [
									""
								],
								"type": "text/javascript"
							}
						}
					],
					"request": {
						"method": "GET",
						"header": [
							{
								"key": "Content-Type",
								"name": "Content-Type",
								"type": "text",
								"value": "application/json"
							},
							{
								"key": "X-MBX-APIKEY",
								"type": "text",
								"value": "{{binance-api-key}}"
							}
						],
						"url": {
							"raw": "{{url}}/fapi/v1/positionMargin/history?symbol=BTCUSDT&timestamp={{timestamp}}&signature={{signature}}",
							"host": [
								"{{url}}"
							],
							"path": [
								"fapi",
								"v1",
								"positionMargin",
								"history"
							],
							"query": [
								{
									"key": "symbol",
									"value": "BTCUSDT"
								},
								{
									"key": "type",
									"value": "1",
									"disabled": true
								},
								{
									"key": "startTime",
									"value": "",
									"disabled": true
								},
								{
									"key": "endTime",
									"value": "",
									"disabled": true
								},
								{
									"key": "limit",
									"value": "500",
									"disabled": true
								},
								{
									"key": "timestamp",
									"value": "{{timestamp}}"
								},
								{
									"key": "signature",
									"value": "{{signature}}"
								}
							]
						}
					},
					"response": []
				},
				{
					"name": "Change Position Mode（TRADE）",
					"event": [
						{
							"listen": "prerequest",
							"script": {
								"exec": [
									""
								],
								"type": "text/javascript"
							}
						}
					],
					"request": {
						"method": "POST",
						"header": [
							{
								"key": "Content-Type",
								"name": "Content-Type",
								"type": "text",
								"value": "application/json"
							},
							{
								"key": "X-MBX-APIKEY",
								"type": "text",
								"value": "{{binance-api-key}}"
							}
						],
						"url": {
							"raw": "{{url}}/fapi/v1/positionSide/dual?dualSidePosition=&timestamp={{timestamp}}&signature={{signature}}",
							"host": [
								"{{url}}"
							],
							"path": [
								"fapi",
								"v1",
								"positionSide",
								"dual"
							],
							"query": [
								{
									"key": "dualSidePosition",
									"value": "",
									"description": "Boolean value. \"true\": Hedge Mode mode; \"false\": One-way Mode"
								},
								{
									"key": "timestamp",
									"value": "{{timestamp}}"
								},
								{
									"key": "signature",
									"value": "{{signature}}"
								}
							]
						}
					},
					"response": []
				},
				{
					"name": "Get Current Position Mode（USER_DATA）",
					"event": [
						{
							"listen": "prerequest",
							"script": {
								"exec": [
									""
								],
								"type": "text/javascript"
							}
						}
					],
					"request": {
						"method": "GET",
						"header": [
							{
								"key": "Content-Type",
								"name": "Content-Type",
								"type": "text",
								"value": "application/json"
							},
							{
								"key": "X-MBX-APIKEY",
								"type": "text",
								"value": "{{binance-api-key}}"
							}
						],
						"url": {
							"raw": "{{url}}/fapi/v1/positionSide/dual?timestamp={{timestamp}}&signature={{signature}}",
							"host": [
								"{{url}}"
							],
							"path": [
								"fapi",
								"v1",
								"positionSide",
								"dual"
							],
							"query": [
								{
									"key": "timestamp",
									"value": "{{timestamp}}"
								},
								{
									"key": "signature",
									"value": "{{signature}}"
								}
							]
						}
					},
					"response": []
				},
				{
					"name": "User API Trading Quantitative Rules Indicators (USER_DATA)",
					"event": [
						{
							"listen": "prerequest",
							"script": {
								"exec": [
									""
								],
								"type": "text/javascript"
							}
						}
					],
					"request": {
						"method": "GET",
						"header": [
							{
								"key": "Content-Type",
								"name": "Content-Type",
								"type": "text",
								"value": "application/json"
							},
							{
								"key": "X-MBX-APIKEY",
								"type": "text",
								"value": "{{binance-api-key}}"
							}
						],
						"url": {
							"raw": "{{url}}/fapi/v1/apiTradingStatus?timestamp={{timestamp}}&signature={{signature}}",
							"host": [
								"{{url}}"
							],
							"path": [
								"fapi",
								"v1",
								"apiTradingStatus"
							],
							"query": [
								{
									"key": "symbol",
									"value": "",
									"disabled": true
								},
								{
									"key": "timestamp",
									"value": "{{timestamp}}"
								},
								{
									"key": "signature",
									"value": "{{signature}}"
								}
							]
						}
					},
					"response": []
				}
			]
		},
		{
			"name": "Data Stream",
			"item": [
				{
					"name": "Create New Listen Key",
					"request": {
						"method": "POST",
						"header": [
							{
								"key": "Content-Type",
								"type": "text",
								"value": "application/json"
							},
							{
								"key": "X-MBX-APIKEY",
								"type": "text",
								"value": "{{binance-api-key}}"
							}
						],
						"url": {
							"raw": "{{url}}/fapi/v1/listenKey",
							"host": [
								"{{url}}"
							],
							"path": [
								"fapi",
								"v1",
								"listenKey"
							]
						}
					},
					"response": []
				},
				{
					"name": "Renew Listen Key",
					"request": {
						"method": "PUT",
						"header": [
							{
								"key": "Content-Type",
								"type": "text",
								"value": "application/json"
							},
							{
								"key": "X-MBX-APIKEY",
								"type": "text",
								"value": "{{binance-api-key}}"
							}
						],
						"url": {
							"raw": "{{url}}/fapi/v1/listenKey",
							"host": [
								"{{url}}"
							],
							"path": [
								"fapi",
								"v1",
								"listenKey"
							]
						}
					},
					"response": []
				},
				{
					"name": "Delete Listen Key",
					"request": {
						"method": "DELETE",
						"header": [
							{
								"key": "Content-Type",
								"type": "text",
								"value": "application/json"
							},
							{
								"key": "X-MBX-APIKEY",
								"type": "text",
								"value": "{{binance-api-key}}"
							}
						],
						"url": {
							"raw": "{{url}}/fapi/v1/listenKey",
							"host": [
								"{{url}}"
							],
							"path": [
								"fapi",
								"v1",
								"listenKey"
							]
						}
					},
					"response": []
				}
			]
		}
	],
	"event": [
		{
			"listen": "prerequest",
			"script": {
				"type": "text/javascript",
				"exec": [
					"const ts  = Date.now();",
					"pm.environment.set(\"timestamp\", ts);",
					"",
					"let paramsObject = {};",
					"",
					"const binance_api_secret = pm.environment.get(\"binance-api-secret\");",
					"",
					"const parameters = pm.request.url.query;",
					"",
					"parameters.map((param) => {",
					"    if (param.key != 'signature' && ",
					"        param.key != 'timestamp' && ",
					"        !is_empty(param.value) &&",
					"        !is_disabled(param.disabled)) {",
					"            paramsObject[param.key] = param.value;",
					"    }",
					"})",
					"        ",
					"Object.assign(paramsObject, {'timestamp': ts});",
					"",
					"if (binance_api_secret) {",
					"    const queryString = Object.keys(paramsObject).map((key) => {",
					"        return `${encodeURIComponent(key)}=${paramsObject[key]}`;",
					"    }).join('&');",
					"    console.log(queryString);",
					"    const signature = CryptoJS.HmacSHA256(queryString, binance_api_secret).toString();",
					"    pm.environment.set(\"signature\", signature);",
					"}",
					"",
					"function is_disabled(str) {",
					"    return str == true;",
					"}",
					"",
					"function is_empty(str) {",
					"    if (typeof str == 'undefined' ||",
					"        !str || ",
					"        str.length === 0 || ",
					"        str === \"\" ||",
					"        !/[^\\s]/.test(str) ||",
					"        /^\\s*$/.test(str) ||",
					"        str.replace(/\\s/g,\"\") === \"\")",
					"    {",
					"        return true;",
					"    }",
					"    else",
					"    {",
					"        return false;",
					"    }",
					"}"
				]
			}
		},
		{
			"listen": "test",
			"script": {
				"type": "text/javascript",
				"exec": [
					""
				]
			}
		}
	]
}
