{
	"id": "2972c5dc-2b0b-4ff8-915e-913a8a3ea862",
	"name": "Binance Vanilla Options Testnet API",
	"values": [
		{
			"key": "url",
			"value": "https://testnet.binanceops.com",
			"enabled": true
		},
		{
			"key": "timestamp",
			"value": "",
			"enabled": true
		},
		{
			"key": "binance-api-key",
			"value": "api-key",
			"enabled": true
		},
		{
			"key": "binance-api-secret",
			"value": "api-secret",
			"enabled": true
		},
		{
			"key": "signature",
			"value": "",
			"enabled": true
		}
	],
	"_postman_variable_scope": "environment",
	"_postman_exported_at": "2020-01-23T06:23:14.123Z",
	"_postman_exported_using": "Postman/7.16.0"
}
